AuthorName,TotalComments
Prod. Ayler G,1
kukukachu,1
Tortured,1
TYRANT EXTERMINATOR,3
darling uwu,1
Will Shackelford,1
my phone,1
Gojo Gojovski YT,1
ThereIsNoCat,4
Galatic_,1
Lara Kroft,1
Christian Bretschneider,1
HadesButYouTube,1
Gareth de-Witt,1
Mystery Central,1
beautifulcrazy,1
3rd Eye Saw Destruction,1
SimÃ£o Pacheco,1
A N D R I,10
Rimhills_crack ğ¨ğ§ ğˆğ§ğ¬ğ­ğšğ ğ«ğšğ¦,1
â›ï¸ 007 Mining Tactics â›ï¸,1
Serene Valor,2
ONE Zero,1
allyourbase,1
Tim Solinski,1
Daniel,1
DIY Projects With Chuxxsss,1
AnythingbutASIC,1
Bradley Ostmann,1
ğŸ›°ï¸ RTP Tech TipsğŸ“¡,1
Kleroterion,1
Tre B,1
INDUSGAMER_1,1
humbllbug,1
dev deque,1
Perhaps,1
Faf Dus,1
Lars Paulsen,2
Dissociated Women Incorporated,1
Pure Perspicacity,1
Dean Greenhough,1
Jimmy GoldenDex,1
parrotfox,1
Generic Goon,1
next draw,1
daz,1
MattMzansi,1
ã…¤ã…¤ã…¤ã…¤ã…¤ã…¤,1
Observation Deck,1
Ruby Rose,1
Hello Kitty Fan Man!,1
MaeMae,1
Kyle Klatt,1
Williams John,1
Ej Efepinnock,3
Nilesh Ray,2
Ê‹Ğ¸Ò“Î¹â„“Ñ‚É›ÑÉ›âˆ‚Î±Ñ‚Ñ‚É›Ğ¼ÏÑ‚É›âˆ‚Î±Ñ‚Ğ½â„“É›Ñ‚É›,1
Florence Jack,1
Braulio GarcÃ­a Leon,6
Jose Veiga,1
Noemie Lemasson,1
Kieran Langley,2
Aman Kapoor .,1
Mathew Kocic,1
Tanson Joshua,4
Paulo Almeida,2
Antoine Dawgwood Shepherd,1
Kallie Aultman,1
sophie Rafael,3
Logan Arthur,8
Emily Smith,2
Freddie man Isaac,1
Craig Rose ,1
Natalie Gomez,1
Shamir Ahamed Rotno,1
Billy Martinez ,1
Emmy James,1
Anthony Lisa,1
Bai Bybytoy,1
Jordan Gee,1
Bodybuilding.News,1
Unpug,1
A,1
Gamereditor59ner,1
Nithin,2
Joseph Iscariot,1
John Smith,1
Achiever Mauya,1
Duco Darling,1
max_ishere,2
Deyvohn Boisvert,1
æ³¥æ£’çŒ«,1
Absinthe Conundrum,1
inund8,1
Zavii net,1
Linuxdirk,1
DrumToTheBass Woop,1
ALWALEEDALWABEL,1
bdot02,1
My Reviews,1
David Yoder,1
YamiGenesis,1
Bob Marley,1
Wisteela,1
Feynman Diagram of yo mum,1
Krishna,1
laerehtE,1
Anna B,1
Zapwag,1
DisruptAppsâ„¢,1
Liam,1
Pakistanicecream,1
SnailDOS Gaming,2
Flappy,1
Bosly Porshy,9
Jason Morales,1
[mystery],7
lily K,1
Soggy Baguette,1
bjW8QSrM hgXn4WWk,1
Simon Gray,1
LowKeyBeams,1
CatWarriorPlayz,1
Oskar Hulter,1
thenewaeon,1
Stew V,1
Tapster16,1
Isaac Pereboeff,1
Newnew Mee,5
bolm,7
CoasterMan13,2
Lezlie Newlands,1
AnarchoTak,1
turbojuusto,1
Earthling,1
MacKinner,3
Music Vibes,1
Felipe Siqueira,6
Seytonic,9
leo,1
kame64,1
Head Honcho,1
DerSchokoPilz,1
Meow,1
Ibrahim Mezouar,1
Grom,1
MarjaMariachi,1
NewVegian.ps2,1
JÃ¶het a Java,1
Not Player's Alt,1
Just Me,1
C K,1
greennin,1
Mecha,1
Paulus,1
Reaper in salt brine,1
Ryan Hakalmazian,1
SparkFox621,1
gearfriedtheswmas,1
Mr. Bob Dobalina â€¢ 93 years,1
Mighty Doggo,1
deezeemb,2
fontik,6
WMTeWu,1
ImmaMeme420,1
Dcnigma-obscure-channel,1
AirNote,1
nate,1
jameswalker199,2
logan graham,1
Î£Ï„Î±ÏÏÎ¿Ï‚,1
TornTech,1
The Chemical Workshop,1
Hellscream Games,1
kritesh88,1
Ivan Dimitrov,1
Anderson System,1
Vice Hnl,1
tristan flodin,1
TÃ³th BalÃ¡zs,1
Charles Lanier,2
Dog Pluto,2
Micellod2,1
Dawid5G,1
Jason Morello,1
snikrepak,1
0xFrijolito,1
byrd203,1
george2781,1
Corners,1
Shoxie LOL,1
MeltedInvention,1
J. Fischer,1
Rikonardo,2
Atiagooq Kinguliaalu,1
Amjad Ahmad,1
86l ngd,2
AGR19,1
Tommy Vercity,1
Eden of the East,2
The Untraveled Path,2
Psychedelic Primate,1
IRS,1
rip4ik,1
odjs75 82jaks,1
XproGrunds,1
billy nomates,1
Dan Brit,1
schoepro,1
Kaj Marfil,1
Kasunsu,1
Earndd,1
Octeract [SG],3
MCAlexisYT,1
itsTyrion,2
AlarioDerpp_Control000 AA,1
plixplux,1
SA ST,1
Helios,1
FoxxBaker,1
Tony Solar,5
Ritgar001,1
CoolGuy Nikolay42,3
WouldDieForChomusuke,1
[ircuit,1
cyberDevil,1
Larry the Hedgehog,1
anteshell,7
Smudge The Cat,1
Antonio Noack,2
D Dozier,1
river 17,1
BlunderingFool,3
Wayne Darron Walls,2
C B,1
Julius,1
takipsiz AD,2
Wolf,1
Darkness,1
Tal Baskin,1
Willow Wisp,1
Crispy K,1
verumIgnis,2
ZS1Gaming,1
gnif,8
TheColinputer,1
Homura Akemi,1
Joseph S,1
Taureon,1
beedell.rokejulianlockhart,1
ayoosh iyer,1
ã‚¤ãƒ–ã‚­:ãƒã‚¯ãƒªãƒ¥ãƒ¼,1
sirtra,1
Stivs Gailitis,1
Rainforestback,1
night in the dark13,1
NoMore Constipation,1
John,1
Omega Duck,1
Liam Rooney,2
Midi Music Forever,1
Photlam,1
Bill KlÃ¤tsch,1
Robert Bistone,1
John Eriksson,2
b,1
s.sasquatch178,1
esotericvv,1
Abbas,1
Guinness,1
Hot Penguin,1
Brian,1
CarlosMen2008,1
Rights dont come with Permits,1
Thefreakyfreek,1
Hank,1
Alkeryn,1
just here to argue,1
DaN Louie,1
Oatlord,1
ã‚¢ãƒ³ãƒ‡ã‚£,1
Ice Bridge,1
D Burton,1
Filip,1
Albi Dartanan,1
Leinad Reign,1
Jerbot,1
Silencio Thequiet,1
cvc,1
Jack Mott,1
Michael DeHaven,1
TheGhostFart,1
corrupted,1
DERTYthegrowerÖ,5
TheIlluminatiMember,1
H.E. Pennypacker,1
Stage6Fan,1
lemaghribi,1
Felicity Chevalier,3
Hugo Gonzalez,1
cherubin7th,2
SuperiorBacon,2
Wyatt Parker,1
fizip,1
Hayden Rose,1
Mavrik9000,2
Snudget,1
Peter,1
Zxcer,2
Courier,1
DrLaser,3
Robo Tip,1
DarkSolidity,1
Ajax,1
Jochen Van Aelten,1
Armidill0,1
North,2
Punit Daga,1
FaZekiller4507,2
UndisputableFÄx&â„¢,2
James L,1
M0N7Y5,1
Sockralt Iltemper,1
ArticleSand2,1
Collector Guy,1
mrkiky,2
Richard Harlos,4
Furkan Veli IÅŸÄ±k,1
Scarface,2
Raymond Eldred,1
Whatnoww,1
A Better Future,1
s h a d Ã¸ w b a n n e d,1
YourEyesAreBleeding,2
10-volt,1
Mathias,1
Benson Dental Associates,2
fivr,1
Stacey Ayodele,1
Pinii ESP,1
M W,1
kBar187,1
ramanauskiene edita,1
FranceBall,1
MyurrDurr,2
Chara,1
Linkario86,1
sheogorath Boon,1
SlavJerry,1
Regular Person,2
Hugo Rune,2
PushyPawn,1
jayu,2
Devin Thurmon,1
Jose Dorsaith,1
Liam Hanson,1
Solaire,1
OCD - Gaming And Tutorials,1
kozad,1
Armystuntman,1
âƒ ,2
Petar NikoliÄ‡,1
CZghost,1
JokBeatz,1
benni5541,1
vnc t.,1
itogi,1
Definitly not sarcastic,1
ifell3,1
Paarker,1
×™×•×‘×œ ×”×¨××Ÿ,1
AshnSilvercorp,2
Bonzi Buddy,1
orangejulia,1
oblozs10,1
Sky4Jus,1
Hoovy Simulator 2,1
zEw0ã€€ã€€ã€€ã€€ã€€ã€€ã€€ã€€ã€€ã€€ã€€ã€€ã€€ã€€ã€€ã€€ã€€ã€€ã€€ã€€ã€€ã€€ã€€ã€€ã€€ã€€ã€€ã€€ã€€ã€€ã€€ã€€ã€€ã€€ã€€ã€€ã€€ã€€ã€€ã€€ã€€ã€€ã€€ã€€ã€€ã€€,1
a564,4
Byro Spyro,1
Unbreakify,2
Lemon Crypto NFA,1
Toni,1
Sonosus,1
powerdust,1
Tarek Yared,1
Pez-Dispensers,1
ChinYIZhe Discord,1
Rezin 8,2
SQwidY,1
10k subs before 2024,1
TheChocolat Blanc,1
idk,1
Junior Thomas,1
SE CYBERSAFE,1
Finkel - Funk,1
Aurora Chan,1
tech,1
GhostMiner ,1
cate faste,1
Clip It,1
whamer100,1
FusionSid2,1
Ozzy,1
retina peg,2
I J,1
Tea Boy ğŸ‡ºğŸ‡¦,1
ã‚·Weabowoshi,1
Methythebozo,1
Future0s,1
snek,1
Mr Ash,1
Sleiman Tuts,1
Slifer deSky,1
Hyder Ali Najie,1
MacS7n,1
Mikels,1
